rivers,lat,lon, low, Mid, up
Changjiang,31.5,122,6084.81 ,14994.68 ,29041.93 
Brahmaputra,29.4,94.5,5055.12 ,9307.25 ,15708.36 
Ganges,22,88,3848.23 ,7078.98 ,11908.99 
Vaippar,9,78.1,2958.86 ,5615.67 ,9665.78 
Amazon,-1,-51.2,2029.97 ,5146.70 ,10088.78 
Bekasi,-6.2,106.9,1688.42 ,3457.55 ,6225.07 
Vaigai,9.3,78.1,1755.55 ,3337.38 ,5732.00 
Mekong,9.3,105,1511.95 ,3126.77 ,5620.56 
Irrawaddy,16.5,96.1,1646.06 ,2977.83 ,4954.73 
Congo,-6,12.3,1501.43 ,2621.52 ,4201.05 
Magdalena,10.4,-74.7,986.05 ,2375.47 ,4558.90 
Zhujiang,22.8,113.6,823.24 ,2007.72 ,3896.13 
Paraná,-34.6,-58.4,483.20 ,2002.30 ,4510.61 
Meghna,22,90.5,1059.87 ,1949.55 ,3288.06 
Shatt el Arab,30.5,48.2,1116.47 ,1933.90 ,3070.05 
Orinoco,8.5,-62,1029.08 ,1889.45 ,3194.13 
Rhine,51.9,4,176.94 ,1839.68 ,5605.74 
Ilog,11,122.7,796.12 ,1656.69 ,2996.94 
Amur,53.3,140.8,645.32 ,1560.39 ,3007.99 
Volga,46.7,47.7,578.25 ,1403.90 ,2709.07 
Danube,45.2,29.6,384.29 ,1390.36 ,3030.12 
Mississippi,29.2,-89.3,127.13 ,1265.90 ,3776.67 
Niger,6.4,3.4,685.05 ,1219.90 ,1993.50 
Citarum,-6.4,107,573.43 ,1174.99 ,2119.88 
Porong,-7.4,112.7,506.94 ,1042.49 ,1885.08 
Bengawan Solo,-6.9,110.7,487.51 ,1001.62 ,1805.01 
Karun,31,48,298.85 ,977.76 ,2060.89 
Song Hong,20.8,106.7,427.42 ,879.82 ,1586.77 
Musi,-2.9,104.7,414.45 ,846.55 ,1528.02 
Pampanga,15,120.7,350.99 ,726.51 ,1317.97 
Tanshui,25.2,121.5,284.19 ,696.54 ,1351.41 
Sai Gon,10.8,106.7,328.65 ,674.88 ,1214.04 
Nahualate,14.1,-91.3,349.23 ,667.50 ,1159.21 
Esmeraldas,0.9,-79.7,358.30 ,653.42 ,1091.16 
Salween,16.5,97.4,343.80 ,622.90 ,1035.86 
Progo,-7.9,110.2,301.02 ,618.90 ,1117.35 
Guayas,-2.2,-79.9,323.44 ,589.28 ,988.30 
Grande de Tarcoles ,9.767,-84.698,167.21 ,528.03 ,1102.53 
Angat,14.9,120.9,254.63 ,527.77 ,955.94 
Sittang,17.3,96.3,286.40 ,514.53 ,854.42 
Ob',66.5,66.6,198.23 ,482.89 ,933.80 
Chao Phraya,13.6,100.5,192.02 ,477.42 ,928.73 
Elbe,53.5,8.7,44.36 ,469.80 ,1444.52 
Paraiba do Sul,-21.6,-41,178.53 ,453.45 ,886.04 
Neva,59.9,30.2,180.62 ,437.06 ,848.39 
Cagayan,18.5,121.7,209.44 ,433.83 ,787.58 
Qiantangjiang,29.8,121.7,161.82 ,398.19 ,770.48 
Rhone,43.7,4.8,38.42 ,391.24 ,1166.14 
Minjiang,26,119.3,156.85 ,383.53 ,744.55 
Haihe,39,117.8,157.06 ,383.28 ,742.01 
Han,37.5,126.6,43.39 ,378.71 ,1067.11 
Cimanuk,-6.3,108.4,167.64 ,343.96 ,613.52 
Copper,60.5,-145,33.95 ,341.93 ,1024.64 
Citanduy,-7.7,108.6,159.05 ,326.57 ,587.79 
Po,44.8,12.4,45.28 ,324.27 ,851.30 
Godavari,16.9,81.9,166.01 ,314.51 ,540.42 
Tocantins,-2.8,-49.5,123.63 ,311.06 ,611.13 
St. Lawrence,48,-69.7,30.31 ,307.25 ,920.77 
Yodo,34.7,135.5,33.80 ,306.07 ,877.16 
Cross,4.6,8.3,161.25 ,286.67 ,468.65 
Mindanao,7.1,125,133.54 ,275.30 ,498.74 
Weser,53.2,8.6,24.65 ,268.97 ,830.08 
Doce,-19.6,-39.8,100.38 ,254.42 ,498.40 
Columbia,46.3,-124.1,25.31 ,253.52 ,755.45 
Delaware,39.6,-75.5,25.14 ,252.77 ,754.81 
Usumacinta,18.4,-91.5,90.86 ,248.22 ,498.47 
Hanjiang,30.5,114.3,100.85 ,246.79 ,479.76 
Xiaoqinghe,37.4,118.6,95.10 ,234.36 ,454.77 
Mobile,30.7,-88,22.85 ,229.19 ,686.80 
Maas,51.9,4.2,20.79 ,223.05 ,680.27 
Oujiang,28,120.7,90.10 ,222.60 ,432.81 
Sa? Francisco,-11,-41,85.68 ,216.73 ,423.51 
Thai Binh,20.3,106.6,104.85 ,215.97 ,389.57 
Yuna,19.1,-69.4,96.29 ,206.92 ,380.99 
Ogun,6.9,3.4,112.74 ,199.49 ,325.80 
Jacuí,-30,-51.2,78.50 ,198.05 ,387.99 
Tapi,21.1,72.7,79.48 ,197.48 ,383.60 
Patia,2.6,-77.3,77.78 ,186.44 ,358.12 
Uruguay,-34.4,-57.9,44.42 ,185.17 ,416.33 
Agusan,8.4,125.5,88.07 ,183.14 ,331.15 
Hudson,40.7,-74,18.29 ,182.53 ,544.47 
Bangpakhlong,13.7,100.9,72.14 ,179.62 ,350.92 
Hari,36.7,62.2,87.22 ,179.28 ,323.19 
Susquehanna,39.6,-76.5,17.36 ,172.28 ,514.45 
Taedong,38.9,125.4,62.43 ,164.62 ,326.31 
Duwamish,47.5,-122.3,16.69 ,164.14 ,493.18 
Nile,30,31.2,79.48 ,163.34 ,294.30 
Tjipunagara,-6.5,108.2,78.81 ,162.52 ,293.92 
Purari,-7.6,145.2,91.35 ,162.17 ,266.49 
Tuy,10.4,-66.9,86.50 ,159.68 ,270.57 
Lempa,13.4,-89.2,79.29 ,156.93 ,277.63 
Nakdong,35.1,128.9,17.67 ,154.99 ,434.50 
Colorado,32.7,-114.7,36.73 ,154.17 ,346.74 
Kapuas,-0.1,109,74.87 ,152.75 ,275.53 
Mahanadi,20.3,86.8,80.68 ,152.61 ,263.60 
Zambezi,-18,33,86.03 ,149.33 ,238.08 
Vistula,54.4,18.9,23.72 ,148.51 ,371.70 
Damodar,22,88.2,77.86 ,147.46 ,253.72 
Apalachicola,29.7,-85,14.98 ,145.82 ,437.81 
San Juan,10.2,-84.7,60.64 ,145.25 ,279.93 
Yaque del Norte,19.7,-70.6,67.19 ,144.67 ,266.16 
Agno,16.1,120.2,68.32 ,142.19 ,257.85 
Osse,44.3,0.2,76.64 ,135.74 ,221.21 
Inderagiri,-0.4,103.6,64.25 ,132.07 ,238.88 
Brahmani,20.6,86.8,68.94 ,130.21 ,223.53 
Ca,18.6,106.4,61.44 ,125.97 ,227.02 
Seine,49,2.3,14.68 ,125.76 ,351.57 
Mé,48.7,-4.2,70.74 ,123.77 ,199.27 
Luni,24.2,70.3,64.82 ,122.45 ,210.84 
Papaloapán,18.3,-95.9,44.64 ,122.26 ,245.77 
Thames,51.5,0.1,9.39 ,121.66 ,422.84 
Reventazon,10,-83.8,38.52 ,121.28 ,254.25 
Khlong Phum Duang,8.8,99.4,48.85 ,120.82 ,236.02 
Luanhe,39.2,118.8,49.08 ,120.06 ,232.75 
Santee,33.2,-79.5,11.92 ,120.04 ,357.24 
Ulua,15.7,-87.5,62.94 ,117.37 ,199.13 
Indus,24,67,64.37 ,115.26 ,189.29 
Mira,40.4,-7.8,47.88 ,115.01 ,220.36 
Kolyma,69.6,161,46.95 ,114.87 ,222.69 
Kaoping,22.7,120.5,45.64 ,112.22 ,217.96 
Kelani Ganga,6.9,79.9,41.66 ,112.09 ,224.02 
Capim,-1.5,-49.9,44.67 ,111.96 ,219.07 
Motagua,15.7,-88.6,58.45 ,111.90 ,194.05 
Coco,13.5,-83.7,60.14 ,111.37 ,188.58 
Ishikari,43.2,141.3,11.97 ,110.80 ,316.08 
Perak,4.2,100.6,32.82 ,109.21 ,232.73 
Maipo,-33.6,-71.6,22.03 ,108.84 ,256.06 
Grande de Matagalpa,12.7,-85.8,55.20 ,106.73 ,186.19 
Cauweri,10.8,79.8,56.04 ,105.70 ,182.66 
Weihe,34.4,109,42.42 ,104.71 ,201.97 
Connecticut,41.3,-72.6,10.31 ,102.78 ,307.05 
Jianjiang,23.1,116.4,41.86 ,102.43 ,198.18 
Verde,33.4,-110.7,55.86 ,101.19 ,169.08 
Ma,18.7,105.8,48.25 ,99.78 ,180.57 
Mersey,53.5,-3,7.96 ,99.64 ,349.32 
Merrimack,42.8,-70.8,9.88 ,98.53 ,294.77 
Don,47.2,39,40.50 ,98.03 ,189.99 
Trent,53,-0.7,7.67 ,97.24 ,335.86 
Huanghe,37.7,119.1,39.52 ,96.20 ,187.22 
Mahakam,-0.5,117.3,46.87 ,96.17 ,173.30 
Kiso,35,136.8,10.40 ,95.37 ,271.29 
Tone,35.7,140.9,10.51 ,94.84 ,269.76 
Ems,53.3,7.1,8.72 ,93.66 ,288.74 
Bicol,13.6,123.3,44.60 ,92.42 ,167.31 
Ribeira do Iguape,-24.7,-47.6,36.40 ,91.86 ,180.32 
Langat,2.8,101.6,27.54 ,91.09 ,194.30 
Yalujiang,39.9,124.3,36.65 ,89.84 ,174.16 
Neveri,10.1,-64.6,48.20 ,89.26 ,151.05 
Jiulongjiang,24.4,118.1,35.98 ,88.46 ,171.85 
Jinjiang,24.8,118.6,35.76 ,87.99 ,170.03 
Kelantan,6.2,102.2,25.97 ,86.87 ,184.98 
Sacramento,38.6,-121.5,8.58 ,86.51 ,257.63 
Bia,5.1,-3.1,48.30 ,84.53 ,136.58 
Tanjiang,23.1,114.5,34.34 ,83.76 ,161.82 
Barito,-3.3,114.8,40.71 ,83.65 ,150.76 
Trinity,30,-94.4,8.15 ,83.50 ,247.64 
Loire,47.2,-1.8,9.61 ,83.14 ,232.13 
Pahang,3.4,103.4,25.05 ,82.81 ,176.51 
Altamaha,31.4,-81.4,8.32 ,81.45 ,244.88 
Tsengwen,23,120.2,33.17 ,81.12 ,156.85 
Sanaga,3.6,9.7,44.84 ,80.02 ,131.64 
Colville,70.4,-151.1,8.08 ,79.54 ,237.73 
Sepik,-3.6,143.6,44.64 ,79.44 ,130.16 
Khatanga,73.4,102.5,32.65 ,78.96 ,152.40 
Grijalva,18.1,-93,28.38 ,77.87 ,155.84 
Oder,53.5,14.5,12.59 ,77.01 ,192.59 
Santiago,-2,-79.9,28.14 ,76.54 ,154.58 
Kampar,0.6,101.2,37.20 ,76.49 ,137.43 
Wu,25.3,110.2,31.24 ,76.49 ,148.10 
Tachia,24.5,120.7,30.88 ,76.15 ,148.22 
Atrato,8.7,-77.4,31.84 ,75.88 ,145.74 
Davai,7.2,125.5,36.30 ,75.21 ,136.48 
Mae Klong,13.4,99.9,30.45 ,74.91 ,146.35 
Cavally,4.7,-7.5,42.98 ,74.34 ,118.73 
Bharathpuzha,10.8,76,38.91 ,73.94 ,126.62 
Rewa,-18.1,178.5,7.44 ,72.82 ,216.76 
St. Paul,6.3,-10.3,41.52 ,71.58 ,114.48 
Shinamo,35.5,135.9,8.01 ,71.23 ,206.25 
Agneby,5.8,-4,39.58 ,69.24 ,111.72 
Balsas,17.8,-101.2,24.81 ,67.99 ,136.70 
Cudijung,-6.7,106.3,32.87 ,67.72 ,121.45 
Itajai-ácu,-26.9,-48.7,26.80 ,67.55 ,132.94 
Drini,42,19.5,22.91 ,67.32 ,138.01 
Kuban,45.1,38.7,26.87 ,65.95 ,127.03 
Bio Bio,-36.8,-73,13.24 ,65.88 ,155.31 
Garonne,44.8,-1,7.78 ,65.16 ,181.08 
Potomac,38.3,-77,6.30 ,64.77 ,193.03 
Moa,20.7,-78.7,37.20 ,64.40 ,102.45 
Thu-Bon,15.9,108.2,31.43 ,64.23 ,115.65 
Panuco ,22.248,-97.802,23.52 ,64.16 ,129.05 
Sassandra,4.9,-6.2,36.53 ,63.75 ,102.90 
Subarnarekha,21.8,87.5,33.24 ,63.11 ,108.80 
Chaliyar,11.2,75.8,33.14 ,62.60 ,107.64 
Nemanus,55,21.1,10.51 ,62.16 ,154.02 
Narmada,21.7,72.6,32.72 ,61.85 ,106.76 
Anadyr,64.7,177.5,25.56 ,61.72 ,119.79 
Tagus,38.7,-9.1,11.65 ,60.70 ,144.54 
Kalu Ganga,6.6,79.9,22.50 ,59.94 ,119.62 
Grande,25.9,-99,26.31 ,59.50 ,112.13 
Clyde,55.9,-4.3,5.94 ,59.32 ,175.27 
Moyangjiang,23.4,116.6,24.02 ,58.81 ,113.94 
Grande de San Miguel,13,-88.6,29.53 ,58.56 ,103.58 
Passaic,40.8,-74.1,5.58 ,56.94 ,170.82 
Artibonite,19,-72.5,32.40 ,56.61 ,91.60 
Brenta,45.4,12,7.84 ,56.13 ,147.33 
Jiaojiang,28.7,121.2,22.88 ,56.01 ,108.82 
Kvichak,58.9,-157.5,5.56 ,55.62 ,166.60 
Wouri,4,9.7,30.59 ,54.61 ,90.13 
Sinú,9.2,-75.9,22.61 ,54.42 ,104.05 
Choshui,23.8,120.5,22.07 ,54.00 ,104.43 
Seyhan,37,35,17.42 ,53.91 ,111.67 
Parnaiba,-2.8,-41.8,21.24 ,53.82 ,105.56 
Naranjo,15.3,-91.3,28.12 ,53.56 ,92.89 
Pattani,6.9,101.3,21.21 ,52.95 ,103.16 
Kobuk,66.9,-157.2,5.19 ,52.42 ,155.92 
Cuanza,-9.1,13.2,30.02 ,52.30 ,83.65 
Escondido,11.4,-83.7,26.61 ,51.66 ,90.09 
Cai,10.6,106.7,24.94 ,50.94 ,91.66 
Rajang,2.1,112.1,15.03 ,50.89 ,108.55 
Ceyhan,36.8,35.3,16.39 ,50.61 ,104.78 
Krishna,16.4,81.5,26.24 ,49.91 ,85.80 
Lachish,31.5,34.6,5.60 ,49.44 ,138.85 
Indigirka,71,147.2,20.08 ,49.20 ,95.14 
Los Angeles,33.7,-118.2,4.79 ,48.91 ,146.21 
Scheldt,51.2,4.3,4.97 ,47.11 ,138.05 
Coatzacoalcos,18.1,-94.4,16.98 ,46.67 ,94.01 
Loiza,18.4,-65.9,4.63 ,46.54 ,137.81 
Taan,22.9,120.3,18.95 ,46.40 ,89.96 
Tecolutla,20.5,-97,16.96 ,46.21 ,92.91 
Mahaweli Ganga,7.8,81.2,17.25 ,45.89 ,91.52 
Bandama,5.2,-5.2,26.15 ,45.77 ,73.71 
Daugava,57,24.1,10.35 ,45.26 ,102.60 
Snohomish,47.9,-122.2,4.39 ,44.73 ,133.63 
Cape Fear,33.9,-77.9,4.30 ,43.35 ,129.34 
Patuca,15.2,-84.3,23.29 ,43.25 ,73.49 
Nandujiang,20,110.3,17.51 ,42.79 ,82.83 
Guanhe,34.4,119.3,17.43 ,42.72 ,82.80 
Severn,51.5,-2.4,3.30 ,42.49 ,146.73 
Savannah,32.1,-80.9,4.14 ,42.47 ,126.62 
Keum,36,126.6,4.68 ,42.20 ,118.18 
Pamlico,35.5,-76.7,4.17 ,41.75 ,124.94 
Mamberamo,-2.3,138.3,23.36 ,41.62 ,68.41 
Tevere,41.9,12.5,5.72 ,41.54 ,108.87 
Padas,5.4,115.8,12.35 ,41.54 ,88.34 
Selangor,3.2,101.5,12.10 ,40.69 ,86.11 
Grande de Terraba,9.2,-83.3,12.63 ,39.81 ,83.58 
Severnaya Dvina,64.5,40.5,16.44 ,39.80 ,76.81 
Koca?ay,40,30,12.81 ,39.49 ,82.52 
Ribble,53.7,-2.9,3.03 ,38.71 ,131.95 
Tagum,7.6,125.8,18.70 ,38.60 ,69.88 
St. John,17.1,-61.8,3.78 ,38.58 ,115.89 
Anseoung,36.4,127.3,4.39 ,38.54 ,107.81 
Kouilou,-4.5,11.4,20.66 ,38.04 ,64.09 
Tano,5.1,-2,21.51 ,37.74 ,60.89 
Muvatupuzha,9.9,76.5,19.76 ,37.37 ,64.47 
Mogami,38.7,139.8,4.11 ,37.32 ,106.73 
Büyük Menderes,37.6,27.1,12.06 ,37.20 ,77.44 
Asi,36.1,35.9,12.14 ,36.79 ,76.72 
Fly,-8.4,143.8,20.67 ,36.78 ,60.27 
Rufiji,-7.9,39,19.08 ,36.41 ,63.10 
Trengganu,5.3,103.1,11.03 ,36.36 ,77.55 
Sekampung,-5.2,105.3,17.45 ,35.86 ,64.67 
Neretva,43,17.3,8.25 ,35.74 ,81.01 
Oueme,6.4,2.6,20.29 ,35.66 ,57.97 
Kinabatangan,5.6,118.4,10.44 ,34.93 ,74.03 
Tapti,21.2,72.6,18.34 ,34.85 ,60.00 
Ba,-17.5,147.1,17.00 ,34.76 ,62.37 
Santa Ana,33.7,-117.9,3.44 ,34.56 ,102.83 
Tugela,-28.9,31.5,16.62 ,34.35 ,62.17 
Housatonic,41.4,-73.1,3.44 ,34.07 ,101.80 
Tolten,-39.3,-73.4,6.74 ,33.78 ,79.28 
Opak,-7.9,110.4,16.20 ,33.23 ,59.81 
Chikugo,33.2,130.4,3.62 ,33.22 ,94.73 
Peedee,33.7,-79.2,3.29 ,33.11 ,98.49 
Buayan,6.7,125.2,15.85 ,32.99 ,59.83 
Taymyra,74,94,13.62 ,32.86 ,63.36 
Periyar ,9.9675,76.2436,17.37 ,32.86 ,56.62 
Dagua,3.4,-76.6,13.49 ,32.63 ,62.94 
Serang,-6,106.2,15.98 ,32.61 ,58.70 
Nervion,43.3,-3,4.20 ,32.57 ,88.18 
Manavgat,36.7,31.5,10.59 ,32.38 ,67.74 
Noatak,67.6,-162.4,3.24 ,32.34 ,97.69 
Achenkovil,9.1,77.2,16.99 ,32.09 ,55.44 
Minho,41.9,-8.8,6.17 ,32.07 ,76.22 
Sampit,-2.5,112.9,15.42 ,31.57 ,56.77 
Kikori,-7.4,144.2,17.50 ,31.13 ,51.15 
Umgeni,-29.8,31.1,14.84 ,30.67 ,55.52 
Ogooue,-0.7,10.2,14.59 ,30.50 ,55.26 
Kitakami,38.3,141.1,3.38 ,30.50 ,87.08 
Jequitinhonha,-15.3,-39.2,11.94 ,30.36 ,59.50 
Dnepr,46.6,30.5,16.68 ,30.22 ,50.40 
Douro,41.1,-8.7,5.66 ,30.05 ,71.38 
Kizil Irmark,41.667,35.9,9.56 ,29.32 ,60.83 
Ebro,40.7,0.2,3.57 ,28.74 ,77.72 
Tulangbawang,-4.8,105.3,13.94 ,28.54 ,51.32 
Sakarya,41,30.3,9.19 ,28.50 ,59.26 
Adour,43.5,-1.5,3.29 ,28.37 ,79.80 
Adige,45.6,12.4,3.82 ,28.21 ,73.71 
Kamchatka,56,159,11.55 ,28.15 ,54.43 
Paraiba,-7.1,-35,11.02 ,27.89 ,54.71 
Tenryu,34.7,137.8,3.03 ,27.49 ,78.76 
Yana,71.7,130.5,11.17 ,27.20 ,52.78 
Olenyok,73.5,119.7,11.10 ,27.16 ,52.49 
Pawan,-0.9,105.6,13.22 ,26.98 ,48.59 
Agano,38,139,2.89 ,26.19 ,74.77 
Siak,0.7,101.2,12.73 ,26.09 ,47.03 
Murar,-6.5,108.5,7.71 ,25.79 ,54.79 
Roanoke,36.5,-76,2.53 ,25.48 ,75.79 
Dordogne,44.8,-0.6,3.01 ,25.36 ,70.65 
Pearl,30.4,-89.6,2.47 ,24.92 ,74.31 
Shebelle,2.1,45.3,14.31 ,24.52 ,38.71 
Lanyang,24.5,121.8,9.98 ,24.50 ,47.57 
Kallada,8.8,76.7,12.81 ,24.19 ,41.52 
Caloosahatchee,26.7,-81.8,2.37 ,24.00 ,71.89 
Maule,-35.3,-72.7,4.80 ,23.72 ,55.98 
Micay,2.8,-76.6,9.94 ,23.61 ,45.29 
Pascua,-49.3,-72.7,4.66 ,23.59 ,55.60 
Choluteca,13.3,-87.3,12.72 ,23.52 ,40.02 
Seraju,-7.5,109.1,11.32 ,23.40 ,42.17 
St. John,17.1,-61.8,13.49 ,23.39 ,37.31 
Abukuma,37.6,141,2.57 ,23.32 ,66.28 
James,37.2,-76.8,2.28 ,23.32 ,69.52 
Abra,17.6,120.6,2.57 ,23.30 ,66.63 
La Plata,-34.6,-58.3,2.27 ,23.27 ,69.44 
Catatumbo,9,-72.7,12.56 ,23.18 ,39.33 
Mono,6.4,1.7,13.14 ,23.14 ,37.52 
Suchiate,14.5,-92.2,8.41 ,23.13 ,46.63 
El Harrach,36.7,3.2,9.25 ,22.87 ,44.52 
Cenrana,-5.2,120,11.07 ,22.86 ,41.27 
Nam San,19.2,104,11.10 ,22.74 ,41.07 
Panay,11.5,122.4,10.99 ,22.63 ,41.14 
Shkumbini,41.1,19.6,7.66 ,22.62 ,46.39 
évros,40.9,26.5,3.37 ,22.53 ,56.93 
Aksu,41.1,79,7.27 ,22.45 ,46.62 
Pamba ,9.353,76.414,11.86 ,22.32 ,38.43 
Pra,5,-1.4,12.23 ,22.26 ,37.32 
Landek,-6.8,106.8,10.75 ,22.09 ,39.70 
Jamapa,19.1,-96.2,8.00 ,22.04 ,44.23 
Yeongsan,34.8,126.6,2.48 ,21.92 ,61.73 
Patuxent,38.4,-76.7,2.11 ,21.78 ,65.44 
Naya,3,-77.2,8.97 ,21.76 ,41.99 
Axiós,40.7,22.7,3.30 ,21.75 ,55.35 
Asahan,3.2,99.3,10.60 ,21.71 ,39.13 
Tana,0.6,36.9,11.87 ,21.54 ,36.07 
Kadalundi,11.2,75.8,11.20 ,21.24 ,36.53 
Chirripo del Atlanti,10.1,-83.7,6.74 ,21.22 ,44.44 
Tyne,55,-1.6,1.68 ,21.14 ,73.44 
Yaque del Sur,18.3,-71.3,9.73 ,20.99 ,38.63 
Penzhina,61.7,163,8.66 ,20.86 ,40.36 
Uda,51.8,120.7,8.55 ,20.85 ,40.31 
Leon,10.2,-85.3,8.56 ,20.65 ,39.82 
Muda,5.6,100.5,6.07 ,20.48 ,43.45 
Aconcagua,-32.8,-71.5,4.07 ,20.18 ,47.57 
Mahi,22.3,72.6,10.42 ,19.72 ,34.03 
Boubo,5.2,-6.3,11.10 ,19.43 ,31.36 
Papagayo,10.8,-85.8,7.04 ,19.41 ,39.10 
Cess,5.2,-9.7,11.13 ,19.22 ,30.64 
Bakir,38.5,26.6,6.24 ,19.06 ,39.86 
Kü?ük Menderes,38.2,27.2,6.16 ,18.87 ,39.40 
Chalakudi,10.3,76.3,9.97 ,18.85 ,32.37 
Itapicuru,-11.3,-37.8,7.36 ,18.69 ,36.56 
Russian,60,30.3,1.85 ,18.58 ,55.74 
Mankyong,38.2,126.6,2.08 ,18.40 ,51.83 
Antigua,18.2,-90.3,6.60 ,18.25 ,36.70 
Mazaroni,6.1,-59.2,9.48 ,18.25 ,31.69 
Valapattanam,12,75.4,9.62 ,18.17 ,31.23 
Blanco,25.6,-104.7,6.52 ,17.85 ,36.05 
Tagoloan,8.6,124.8,8.60 ,17.83 ,32.31 
Yaracuy,10.5,-68.7,9.57 ,17.74 ,30.02 
Rapel,-34,-71.7,3.48 ,17.59 ,41.57 
Kaladan,21.3,92.7,9.71 ,17.56 ,29.24 
Santa Maria,23.6,-102,5.74 ,17.48 ,36.24 
Chiloango,-5.1,12.4,9.93 ,17.31 ,27.72 
Mearim,-3,-44,6.78 ,17.18 ,33.60 
Chiriqui,8.4,-82.5,5.71 ,17.17 ,35.65 
Rokan,0.8,100.7,8.28 ,17.01 ,30.70 
Tempisque,10.4,-85.4,5.38 ,16.95 ,35.55 
Maha Oya,7.5,79.9,6.29 ,16.93 ,33.86 
Ouse,53.9,-1.1,1.33 ,16.92 ,58.44 
Jintsu,36.8,137.3,1.80 ,16.40 ,46.87 
Yoshino,34.5,133.6,1.78 ,16.40 ,46.74 
Gediz,38.6,27,5.30 ,16.34 ,34.08 
Ysil Irmak,41.3,35.4,5.28 ,16.29 ,33.88 
Wadi Baraka,20.7,10.5,9.11 ,16.09 ,26.27 
Mondego,40.1,-8.8,3.09 ,16.01 ,38.17 
Nautla ,20.216,-96.755,5.82 ,15.98 ,32.15 
Seli,62.3,9.7,9.19 ,15.91 ,25.28 
Pregolua,57.9,49.1,6.51 ,15.73 ,30.50 
Tuhaihe,36.7,119,6.38 ,15.70 ,30.46 
Semani,40.7,19.7,5.31 ,15.68 ,32.18 
Pachang,23.3,120.4,6.38 ,15.59 ,29.98 
Sine,14.3,-16.4,8.88 ,15.59 ,25.26 
Narcea,43.4,-6.1,1.96 ,15.51 ,41.98 
Sabine,29.6,-93.8,1.50 ,15.40 ,45.91 
Sadang,-5.1,119.2,7.38 ,15.15 ,27.26 
Una,-15.2,-39.1,5.98 ,15.12 ,29.64 
Jubones,-3.3,-79.4,8.31 ,15.11 ,25.18 
Polochic,15.5,-89.5,7.90 ,15.10 ,26.21 
Baudo,5.3,-77.1,6.30 ,15.09 ,29.01 
Cauto,20,-76.9,5.28 ,14.76 ,30.12 
Manati,18.4,-66.5,1.46 ,14.64 ,44.09 
Houlung,24.6,120.8,5.93 ,14.64 ,28.34 
Capiberibe,-8.3,-35,5.83 ,14.63 ,28.67 
Cuvo,-12.1,14.4,8.34 ,14.56 ,23.32 
Touchien,24.5,120.7,5.90 ,14.47 ,28.09 
Ikopa,-18.9,47.5,8.21 ,14.47 ,23.44 
Liffey,53.3,-6.3,1.33 ,14.44 ,45.27 
Tonala ,18.218,-94.518,5.27 ,14.44 ,29.10 
G?ksu,36.4,34,4.76 ,14.39 ,29.99 
Netravati ,12.833,74.842,7.56 ,14.35 ,24.74 
Rogue,42.4,-124.4,1.41 ,14.33 ,42.49 
Kebir,36.9,3.3,5.81 ,14.30 ,27.80 
Changhuajiang,43.8,125.5,5.80 ,14.22 ,27.57 
Pechora,66.5,57.1,5.83 ,14.19 ,27.39 
Motatan,9.3,-71.8,7.57 ,14.02 ,23.79 
Peikang,23.6,120.4,5.71 ,13.96 ,27.08 
Bueno,-37.5,-72.2,2.75 ,13.83 ,32.61 
San Juan,10.2,-84.7,7.15 ,13.83 ,24.19 
Anabar,74.7,114.2,5.58 ,13.67 ,26.47 
Puelo,-41.6,-72,2.75 ,13.64 ,32.11 
Minho,41.9,-8.8,5.96 ,13.54 ,25.68 
Waikato,-37.8,175.2,1.38 ,13.45 ,39.38 
Umzimkulu,-30,30.2,6.49 ,13.44 ,24.36 
Dalinghe,41.2,121.3,5.43 ,13.37 ,25.85 
Guadalupe,29.7,-97.9,1.31 ,13.28 ,39.68 
Markham,-6.2,147.4,7.47 ,13.24 ,21.72 
Esk,54.3,-2.2,1.39 ,13.24 ,38.59 
Negro,-34.6,-58.4,3.20 ,13.20 ,29.59 
Rimac,-12,-77,5.48 ,13.19 ,25.51 
Pindaré,-3.2,-45.2,5.16 ,13.15 ,25.79 
Prinza Polka,12.3,-83.7,6.75 ,13.14 ,22.88 
Mat,40.9,20.2,4.41 ,12.91 ,26.42 
Alas,4.6,96.2,6.24 ,12.84 ,23.18 
Cazones,20.4,-97.3,4.65 ,12.84 ,25.89 
Mand,25.2,64,3.91 ,12.83 ,26.97 
Pasig,14.6,120.9,6.19 ,12.77 ,23.06 
Neches,30,-94,1.30 ,12.71 ,38.10 
Ooi,5.4,100.6,1.40 ,12.70 ,36.73 
Valdivia,-39.8,-73.2,2.57 ,12.56 ,29.55 
Filyos,41.6,32.1,4.04 ,12.48 ,25.78 
Achigate,10.8,76.2,6.52 ,12.47 ,21.56 
Burhabalang,21.8,86.8,6.39 ,12.17 ,21.00 
Ikpikpuk,70.4,-155.3,1.20 ,12.16 ,36.41 
Dee,54.9,-3,1.23 ,12.02 ,35.59 
Nooksak,48.9,-122.2,1.20 ,11.99 ,35.79 
Guanipa,9,-64.1,6.44 ,11.88 ,20.02 
Rioni,42.2,41.9,4.11 ,11.85 ,24.06 
Mungo,4.2,9.7,6.58 ,11.80 ,19.44 
Dayanghe,42.9,124.3,4.80 ,11.72 ,22.72 
Sixaola,9.6,-82.6,3.75 ,11.67 ,24.39 
Baram,4.6,113.8,3.43 ,11.67 ,24.79 
Pojuca,-12.7,-38.3,4.58 ,11.67 ,22.82 
Pascogoula,30.4,-88.6,1.15 ,11.67 ,34.80 
Bashee,22,121.9,5.61 ,11.61 ,21.04 
Volturno,41,13.9,1.61 ,11.60 ,30.47 
Yenshui,23,120.2,4.72 ,11.57 ,22.38 
Cayapas,1,-79.8,6.28 ,11.46 ,19.19 
Kuzuryo,36.5,138.5,1.26 ,11.41 ,32.66 
Pyasina,73.3,86.2,4.64 ,11.23 ,21.70 
Murung,1.2,114.6,5.46 ,11.23 ,20.25 
Mzymta,43.6,39.5,4.62 ,11.22 ,21.68 
Llobregat,41.3,2.2,1.41 ,11.16 ,30.09 
Litani,33.3,35.5,4.48 ,11.16 ,21.78 
Aguan,15.6,-86,5.99 ,11.11 ,18.89 
Chowan,36,-76.7,1.09 ,11.08 ,33.28 
Abulug,18.5,121.5,5.34 ,11.07 ,20.05 
Arno,43.8,10.2,1.52 ,11.05 ,28.91 
Guadiana,37,-7.4,2.11 ,11.02 ,26.26 
Selawik,66.6,-160,1.09 ,11.01 ,33.15 
Semegal,15.6,-16.6,6.19 ,10.87 ,17.64 
Sagavanirktok,70.4,-147.7,1.10 ,10.81 ,32.26 
Strimonas,40.8,23.7,1.68 ,10.79 ,27.26 
Iwaki,37,140.9,1.18 ,10.76 ,30.75 
Vijose,40.8,20,3.58 ,10.60 ,21.68 
Milk,48.4,-106.5,4.65 ,10.58 ,19.95 
Paz,13.9,-91.4,5.33 ,10.57 ,18.65 
Itapecuru,-3,-43.2,4.17 ,10.52 ,20.55 
Bengo,-8.5,13.4,6.05 ,10.52 ,16.82 
Choctawhatchee,30.3,-85.6,1.04 ,10.51 ,31.46 
Taura,-2.3,-79.7,5.70 ,10.33 ,17.34 
Suwannee,29.5,-83,1.00 ,10.29 ,30.73 
Kennebeck,44.5,-69.8,1.02 ,10.27 ,30.53 
Corubal,11.7,-15.6,5.92 ,10.25 ,16.41 
Chehalis,46.7,-123.6,1.02 ,10.21 ,30.36 
Don Diego,11.2,-73.6,4.26 ,10.21 ,19.66 
Dniester,46.4,30.4,5.58 ,10.20 ,16.97 
Itata,-36.4,-72.8,2.03 ,10.06 ,23.58 
Tocuyo,10,-69.7,5.41 ,9.99 ,16.89 
Sewa,7.8,-11.3,5.79 ,9.98 ,15.85 
Gangavati,15.4,76.5,5.27 ,9.97 ,17.19 
Deduru Oya,7.6,79.9,3.72 ,9.95 ,19.94 
Bhadar,21.7,70.2,5.26 ,9.94 ,17.12 
Suriname,5.9,-55.2,5.59 ,9.85 ,16.04 
Fraser,49.3,-123.1,0.95 ,9.83 ,29.58 
Agus,8.3,124.3,4.71 ,9.82 ,17.79 
Palar,12.2,80.3,5.16 ,9.80 ,16.98 
Oum Er Rbia,33.3,-8.9,4.99 ,9.74 ,17.12 
Diep,51,3.4,4.65 ,9.71 ,17.61 
Itapemirim,-21,-40.8,3.81 ,9.68 ,18.92 
Brazos,29.1,-95,0.94 ,9.59 ,28.50 
Munim,-2.9,-43.4,3.77 ,9.58 ,18.80 
Skagit,48.5,-122.4,0.96 ,9.57 ,28.80 
Estero Real,12.9,-87,4.92 ,9.56 ,16.61 
Acaraú,-3,-40,3.77 ,9.55 ,18.87 
Changuinola,9.4,-82.6,3.13 ,9.51 ,19.79 
Kokem?njoki,61.5,22.3,0.98 ,9.51 ,28.23 
Narva,59.4,28.2,1.20 ,9.49 ,25.32 
Tra-Khuc,15.1,108.6,4.57 ,9.43 ,16.98 
Panai,3.4,98,4.57 ,9.40 ,16.84 
Umzimvubu,-31.6,29.3,4.47 ,9.31 ,16.83 
Tungkang,22.5,120.5,3.78 ,9.20 ,17.81 
Tsiribihina,-19.7,44.6,5.18 ,9.09 ,14.79 
Usk,51.6,-2.9,0.70 ,8.98 ,31.17 
Chishui,28.8,105.2,3.63 ,8.95 ,17.33 
Paragua?u,-12.6,-38.5,3.53 ,8.91 ,17.42 
Loukos,34.4,-5.7,4.55 ,8.88 ,15.60 
Vilaine,47.7,-2,1.02 ,8.88 ,24.70 
Gurupi,-1.4,-48.5,3.48 ,8.81 ,17.28 
Nanliuliang,40.8,117.6,3.59 ,8.79 ,16.94 
Lee,53.2,-6.3,0.78 ,8.71 ,27.37 
Cobre,8.8,-79.5,3.80 ,8.66 ,16.36 
Hualien,23.9,121.6,3.50 ,8.59 ,16.65 
Kalinadi,27.4,84.2,4.53 ,8.55 ,14.72 
Tauyo,45.4,141.5,3.52 ,8.55 ,16.50 
Vasa Barris,4.2,-55.5,3.37 ,8.54 ,16.84 
Kuzitrin,65.1,-165.7,0.81 ,8.50 ,25.32 
Nagavali,19.1,84,4.48 ,8.49 ,14.63 
Little Scarcies,9.9,-13.3,4.91 ,8.47 ,13.47 
Glomma,59.2,11.2,0.72 ,8.42 ,27.10 
Great Tenasserim,13.5,98.6,4.67 ,8.42 ,13.97 
Sharavati,14.1,74.6,4.40 ,8.38 ,14.41 
Coyolate,14,-91.2,4.39 ,8.38 ,14.57 
Dee,54.9,-3,0.83 ,8.38 ,24.99 
Kamchatka,56,159,3.46 ,8.37 ,16.24 
Hsiukuluan,23,121.5,3.41 ,8.34 ,16.21 
Besos,41.4,2.2,1.04 ,8.28 ,22.43 
Sabarmati,22.6,72.6,4.36 ,8.26 ,14.19 
Tuxpan ,21,-97.4,3.00 ,8.20 ,16.45 
Sambas,1.4,109.5,4.00 ,8.19 ,14.75 
Sa? Mateus,-18.7,-39.8,3.25 ,8.19 ,16.05 
San Joaquin,38,-121.5,0.82 ,8.15 ,24.05 
Johore,1.5,103.7,2.42 ,8.14 ,17.28 
Yarra,-37.8,144.9,0.74 ,8.12 ,25.31 
Moju,-1.8,-48.5,3.22 ,8.10 ,15.89 
Liaohe,40.7,122.2,3.29 ,8.07 ,15.66 
Piranhas,-9.2,-36.8,3.15 ,8.00 ,15.72 
Linpien,22.3,120.5,3.26 ,7.96 ,15.44 
Hellah,32,44,2.44 ,7.93 ,16.76 
Cebollati,-33.7,-53.9,2.30 ,7.89 ,16.86 
Da Nhim,11.7,108.3,3.83 ,7.83 ,14.18 
Nyong,3.5,9.8,4.38 ,7.81 ,12.89 
Cheongchun,36.5,127,0.89 ,7.81 ,22.12 
Rappahannock,38.3,-76.5,0.77 ,7.71 ,22.96 
Erhjen,23,120.3,3.14 ,7.64 ,14.78 
Cunene,-17.3,12.4,4.40 ,7.64 ,12.21 
Lobe,2.9,9.9,4.25 ,7.61 ,12.52 
Acheloos,38.3,21,1.13 ,7.58 ,19.29 
Save,-17.3,31.3,4.39 ,7.55 ,12.04 
Piave,45.5,12.6,1.03 ,7.55 ,19.78 
Kuparuk,70.3,-150,0.74 ,7.54 ,22.56 
Incomati,-25.3,32.8,4.35 ,7.54 ,12.04 
Ca?ar,-2.2,-79.2,4.13 ,7.52 ,12.61 
Samala,14.6,-91.7,3.91 ,7.48 ,12.93 
Peace,56.1,-122.5,0.75 ,7.45 ,22.39 
Guanajibo,18,-67.2,0.73 ,7.42 ,22.09 
Wye,51.2,0.9,0.58 ,7.40 ,25.60 
Seumjin,35,127.3,0.86 ,7.40 ,20.68 
Mendawai,-3,112.6,3.57 ,7.31 ,13.17 
Shannon,52.7,-9,0.68 ,7.31 ,22.72 
San Pablo,-2.4,-79.3,2.37 ,7.21 ,14.89 
Portoviejo,-1,-80.5,3.95 ,7.19 ,12.06 
Penobscot,44.2,-68.8,0.72 ,7.16 ,21.48 
Nelson,57,-94.8,0.69 ,7.16 ,21.59 
Ponnaiyar,11.6,79.8,3.76 ,7.15 ,12.29 
Sampara,-3.8,122,3.47 ,7.09 ,12.74 
Iyidere,41,40.9,2.29 ,7.05 ,14.63 
Amguema,67,170.9,2.91 ,7.03 ,13.54 
Wadi Ghoweibba,29,34,3.41 ,7.03 ,12.69 
Exe,50.7,-3.5,0.55 ,7.02 ,24.24 
Potzu,23.4,120.4,2.84 ,6.95 ,13.49 
Limpopo,-25,32.7,3.96 ,6.89 ,10.96 
Konkoure,10,-14.2,3.96 ,6.87 ,10.98 
Khroma,70.5,147.3,2.82 ,6.83 ,13.19 
Saint John's,17.1,-61.8,0.67 ,6.79 ,20.29 
St. John,17.1,-61.8,3.84 ,6.67 ,10.58 
Tees,54.6,-1.1,0.51 ,6.64 ,22.82 
Walawe Ganga,6,80.6,2.47 ,6.61 ,13.17 
Escambia,30.6,-87.2,0.66 ,6.60 ,19.77 
Actopán,19.5,-96.6,2.37 ,6.54 ,13.16 
Zohreh,29.7,50,2.03 ,6.52 ,13.75 
Lielupe,56.9,23.8,1.45 ,6.49 ,14.78 
Kul,36.5,57.1,2.01 ,6.45 ,13.58 
Majiahe,37.3,115.7,2.64 ,6.44 ,12.50 
Guadalquivir,36.8,-6,0.81 ,6.42 ,17.38 
Pardo,-21.6,-48.4,2.51 ,6.40 ,12.53 
Utukok,70,-162,0.65 ,6.38 ,18.92 
Androscoggin,43.7,-70.2,0.63 ,6.23 ,18.65 
Cuyuni,6.3,-58.6,3.23 ,6.23 ,10.84 
K?prü,40,31.2,2.00 ,6.19 ,12.83 
Vamsadhara,18.3,84.5,3.24 ,6.18 ,10.65 
Melet,47.5,37,1.99 ,6.17 ,12.84 
Peinan,22.8,121.2,2.53 ,6.17 ,12.00 
Wadi Nugaal,9.5,49,3.58 ,6.13 ,9.68 
Sebou,34.3,-6,3.13 ,6.13 ,10.77 
Lurio,-12,40.6,3.54 ,6.12 ,9.74 
Pulau,-6.3,106.9,3.44 ,6.11 ,10.03 
Mesuji,-4.3,105.3,2.93 ,6.07 ,10.98 
Kelik,0.1,110.5,0.60 ,6.06 ,18.12 
Umfolozi,-28.4,32.2,2.90 ,6.01 ,10.87 
Mangoro,-18.5,49.6,3.39 ,6.00 ,9.75 
Tamesi,22.5,-98.5,2.17 ,5.98 ,11.98 
Endau,2.6,103.6,1.78 ,5.96 ,12.67 
Rushikulya,19.4,85.1,3.11 ,5.92 ,10.21 
Chone,-0.7,-80.4,3.22 ,5.88 ,9.80 
Petch,16,100,2.37 ,5.88 ,11.40 
Avon,51.5,-2.6,0.45 ,5.85 ,20.48 
Kola,68.9,33.6,2.40 ,5.85 ,11.32 
Tokachi,42.8,143.2,0.64 ,5.83 ,16.64 
Demerara,6.8,-58.2,3.00 ,5.79 ,10.08 
Mucuri,-18.1,-39.6,2.28 ,5.76 ,11.24 
Luala,-8.6,121.7,3.31 ,5.73 ,9.15 
Guapi,2.5,-77.9,2.37 ,5.69 ,10.95 
Lofa,7.8,-10,3.29 ,5.67 ,9.05 
Orange,-28.6,16.5,2.72 ,5.66 ,10.21 
Umhlantuzi,-28.7,31.9,2.71 ,5.63 ,10.20 
Liri,41.4,13.8,0.79 ,5.60 ,14.66 
Barranca,20.1,-98.2,1.77 ,5.58 ,11.65 
Penner,14,81.7,2.92 ,5.53 ,9.54 
Hii,35.4,132.8,0.60 ,5.49 ,15.68 
Unare,10.2,-65.1,2.94 ,5.46 ,9.21 
Velikaya,57,28.4,2.22 ,5.44 ,10.48 
Sebaou,36.8,4.3,2.16 ,5.39 ,10.44 
Pinios,39.7,22.6,0.82 ,5.35 ,13.58 
Mharhar,18.7,73.2,2.73 ,5.35 ,9.42 
Kymijoki,60.5,26.8,0.54 ,5.35 ,15.87 
Kavik,69.7,-147.7,0.54 ,5.31 ,15.81 
Omoloy,71.7,136.2,2.14 ,5.23 ,10.10 
Galana,-2.9,39.7,2.87 ,5.23 ,8.75 
Ameca,20.8,-105,1.89 ,5.20 ,10.47 
Casamance,12.7,-16.6,2.95 ,5.17 ,8.35 
Soumman,36.7,3.8,2.09 ,5.17 ,10.07 
Deba,43.3,-2.4,0.65 ,5.15 ,13.94 
Kukpuk,68.3,-165.6,0.53 ,5.12 ,15.40 
Kokulik,67.6,-165.9,0.51 ,5.12 ,15.34 
Nene,52.6,-0.3,0.39 ,5.11 ,17.63 
Berbice,6.2,-57.3,2.64 ,5.07 ,8.80 
Venta,57.4,21.2,1.16 ,5.04 ,11.50 
Yenisei,70.2,86,2.05 ,5.00 ,9.62 
Turia?o,-1.6,-45.4,1.98 ,5.00 ,9.78 
Barrow,71.3,-155,0.45 ,4.93 ,15.27 
Sesjab,42.5,20.3,2.40 ,4.93 ,8.91 
Jaba,-6.7,106.9,2.76 ,4.89 ,8.01 
Coporolo,-14.6,12.3,2.80 ,4.86 ,7.77 
Groot Berg,-19.7,14.2,2.34 ,4.86 ,8.77 
Canning,70,-145.6,0.46 ,4.75 ,14.10 
Edisto,32.5,-80.5,0.46 ,4.72 ,14.18 
Gambia,13.5,-16.5,2.67 ,4.64 ,7.45 
Tugur,52.3,137,1.93 ,4.62 ,8.97 
Breede,-34.4,20.3,2.23 ,4.59 ,8.33 
Mbemkuru,-10,39.3,2.57 ,4.56 ,7.47 
Hutt,-28.5,114.7,0.46 ,4.55 ,13.31 
Suir,52.2,-7.6,0.41 ,4.52 ,13.97 
Essequibo,6.5,-58.5,2.34 ,4.49 ,7.84 
Apodi,-5.1,-37.3,1.76 ,4.45 ,8.77 
Ogeechee,31.9,-81.1,0.44 ,4.45 ,13.29 
Longa,-9,13.3,2.55 ,4.43 ,7.09 
Omotepec,16.5,-98.3,1.60 ,4.43 ,8.88 
Koyuk,64.9,-161.2,0.43 ,4.41 ,13.14 
Jong,8.6,-12.3,2.54 ,4.41 ,7.01 
Goumo,10.1,9.5,0.47 ,4.39 ,12.62 
Oria,40.6,13,0.56 ,4.37 ,11.86 
Umkomazi,-29.9,30.8,2.11 ,4.37 ,7.94 
Tabasara,8,-81.3,1.43 ,4.36 ,9.00 
Santa,-9.1,-78.6,1.78 ,4.35 ,8.43 
Corantijin,5.9,-57.1,2.26 ,4.35 ,7.56 
Umvoti,-29.2,31.2,2.11 ,4.35 ,7.83 
Bayano,9,-78.3,1.40 ,4.26 ,8.83 
Kadalundi,11.2,75.8,2.24 ,4.23 ,7.26 
Wadi Zabid,14.2,43.2,2.42 ,4.21 ,6.71 
Presido,29.5,-104.3,1.53 ,4.20 ,8.41 
Yura,38.7,140.2,0.45 ,4.19 ,11.96 
Bradano,40.5,16.7,0.57 ,4.17 ,10.91 
Kuloy,64.2,44.1,1.71 ,4.17 ,8.07 
Ter,42,2.6,0.53 ,4.15 ,11.23 
Saco,43.5,-70.4,0.40 ,4.15 ,12.30 
Reno,44.5,11,0.57 ,4.14 ,10.84 
Kalamas,39.7,20.3,0.62 ,4.14 ,10.49 
Fish Creek,70.2,-156.8,0.41 ,4.13 ,12.36 
Maputo,-25.9,32.6,2.36 ,4.08 ,6.50 
Mahuri,23.2,86.9,0.48 ,4.07 ,11.30 
Lena,72.4,129.9,1.66 ,4.04 ,7.82 
Shou,24.8,118.6,0.46 ,4.03 ,11.53 
Umpqua,43.7,-124.2,0.39 ,4.03 ,12.06 
Charente,45.8,-0.9,0.46 ,4.01 ,11.24 
Swakop,-22.7,14.5,2.09 ,3.99 ,6.91 
Colorado,32.7,-114.7,0.39 ,3.95 ,11.84 
M'Bridge,36.3,2.3,2.27 ,3.94 ,6.30 
Toa,20.2,-75,1.38 ,3.89 ,7.88 
Hoping,24,121.7,1.57 ,3.88 ,7.53 
Pegtymel,69,173.5,1.60 ,3.88 ,7.51 
Chuk-ochy,70,166.5,1.60 ,3.88 ,7.52 
Néstos,40.9,24.7,0.59 ,3.86 ,9.83 
Ponoy,66,38.4,1.58 ,3.85 ,7.43 
Nychcha,64,128.5,1.58 ,3.84 ,7.43 
Magra,44,9.9,0.55 ,3.83 ,10.02 
Damuji,22.3,-81.1,1.38 ,3.82 ,7.70 
Okhota,59.4,143.2,1.55 ,3.77 ,7.29 
Calleguas,34.2,-119.1,0.38 ,3.73 ,11.12 
Pungue,-19.2,34.9,2.14 ,3.73 ,5.94 
Kongakut,69.7,-141.1,0.37 ,3.71 ,11.16 
Meluli,-6.9,38.2,2.14 ,3.69 ,5.90 
Geba,12.1,-15.6,2.11 ,3.68 ,5.91 
Uele,4.3,24.3,1.52 ,3.66 ,7.09 
Erne,54.5,-7.3,0.34 ,3.66 ,11.38 
Imya,45.5,132.5,1.50 ,3.65 ,7.09 
Berau,2.2,118.2,1.77 ,3.65 ,6.59 
Besaya,43.4,-4,0.44 ,3.59 ,9.77 
Ruvu,-6.9,39.1,1.87 ,3.59 ,6.22 
Kumano,33.7,135.8,0.38 ,3.58 ,10.26 
Great Scarcies,9,-13.1,2.05 ,3.55 ,5.65 
Goascoran,13.2,-87.5,1.78 ,3.55 ,6.25 
Itanhem,-17.5,-39.2,1.40 ,3.55 ,6.98 
Gizhiga,61,156,1.47 ,3.54 ,6.84 
Fuji,35.2,138.6,0.39 ,3.54 ,10.12 
Somme,50.2,2.3,0.42 ,3.53 ,9.88 
Coahuayana,18.5,-103.6,1.28 ,3.51 ,7.04 
Ramu,-4.2,145.7,1.97 ,3.50 ,5.76 
Niva,61.8,30.8,1.43 ,3.48 ,6.72 
Bristol Avon,51.5,-2.7,0.26 ,3.46 ,12.01 
Jucururu,-10.7,-37,1.35 ,3.43 ,6.72 
Tigil,57.8,158.6,1.40 ,3.38 ,6.56 
Tigil,57.8,158.6,1.39 ,3.38 ,6.55 
Pangani,-5.4,39,1.77 ,3.36 ,5.81 
Ochlockonee,30,-84.5,0.33 ,3.35 ,10.05 
Great Kei,-32.7,28,1.62 ,3.34 ,6.07 
Contas,-13.8,-39.3,1.32 ,3.34 ,6.54 
Mazafran,36.8,2.6,1.35 ,3.31 ,6.44 
Umtamvuna,-31.1,30.2,1.59 ,3.30 ,5.97 
Chira,-4,-80.5,1.36 ,3.30 ,6.37 
Tumenjiang,42.4,130,1.35 ,3.29 ,6.38 
Bhari,28.6,77.3,1.83 ,3.27 ,5.42 
Jokulsa a Fjollum,66.3,-16.6,0.30 ,3.26 ,9.99 
Gauja,57.1,24.4,0.74 ,3.25 ,7.38 
Chéliff,36.1,1.3,1.30 ,3.22 ,6.25 
Arecibo,18.5,-66.7,0.32 ,3.19 ,9.60 
Bidasoa,43.4,-1.8,0.41 ,3.19 ,8.70 
Wadi Mawr,15.5,43.5,1.81 ,3.16 ,5.06 
Chorokhi,41.6,41.6,1.10 ,3.15 ,6.41 
Waringin,-7,112.8,1.52 ,3.11 ,5.59 
Majardah,37.1,10.1,1.57 ,3.09 ,5.44 
Mellah,36.5,6.9,1.58 ,3.08 ,5.40 
Porali,25.6,66.7,1.71 ,3.06 ,5.05 
Loge,-8.8,13.2,1.76 ,3.05 ,4.87 
Satilla,31,-81.5,0.30 ,3.05 ,9.05 
Var,43.7,7.2,0.35 ,2.99 ,8.35 
Wadi el Arish,31.1,33.8,1.46 ,2.99 ,5.37 
Boyne,53.7,-6.2,0.27 ,2.98 ,9.22 
Tumbes,-3.6,-80.4,1.22 ,2.98 ,5.76 
San Pedro,18.2,-102.2,1.08 ,2.98 ,5.98 
Luga,59.1,29.7,1.22 ,2.97 ,5.74 
Kukpowruk,69.4,-162.9,0.29 ,2.93 ,8.74 
Tensift,31.5,-8.6,1.48 ,2.91 ,5.11 
Mananjary,-21.2,48.3,1.64 ,2.90 ,4.72 
Camaquá,-30.9,-52.8,1.13 ,2.85 ,5.59 
Ntem,2.3,9.8,1.59 ,2.84 ,4.66 
San Diego Creek,33.7,-117.8,0.27 ,2.82 ,8.36 
Rauchua,63.5,171.3,1.15 ,2.80 ,5.42 
Don,47.2,39,0.27 ,2.79 ,8.30 
Vellar,11.4,79.8,1.47 ,2.78 ,4.79 
Apuko,27.7,78.1,1.14 ,2.77 ,5.38 
Mangoky,-21.3,43.7,1.55 ,2.75 ,4.46 
Tuloma,69.2,32.9,1.13 ,2.75 ,5.29 
Bou Regreg,34,-6.8,1.40 ,2.74 ,4.80 
Crati,39.4,16.5,0.37 ,2.74 ,7.22 
Wadi Bana,14.2,46.1,1.57 ,2.74 ,4.38 
Lune,54.1,-2.8,0.27 ,2.73 ,8.02 
Nyanga,-2.6,10,1.30 ,2.73 ,4.95 
Ulbeya,44.5,141,1.11 ,2.71 ,5.26 
Aliakmon,40.2,22.7,0.40 ,2.69 ,6.82 
Kocabas,40.1,26.7,0.88 ,2.69 ,5.59 
Eel,39.4,-124.3,0.27 ,2.68 ,8.06 
Teith,56.2,-4.3,0.27 ,2.68 ,7.99 
Wami,-5.4,38.8,1.39 ,2.67 ,4.62 
Klamath,41.5,-124.1,0.26 ,2.67 ,7.93 
Waimakariri,-43.4,172.6,0.27 ,2.65 ,7.74 
Huixtla,15,-92.5,0.96 ,2.65 ,5.32 
Saguenay,48.3,-70.9,0.26 ,2.61 ,7.79 
Wadi al Hamd,24.6,39.1,0.50 ,2.59 ,6.16 
Jaguaribe,-4.8,-37.7,1.02 ,2.58 ,5.07 
Sapgyo,36.6,126.5,0.30 ,2.57 ,7.24 
Nekor,35.1,-4.3,1.30 ,2.55 ,4.48 
Gallikos,40.6,22.9,0.39 ,2.54 ,6.50 
Herault,43.4,3.7,0.29 ,2.54 ,7.12 
Barumun,1,99.2,1.23 ,2.54 ,4.59 
Blackwater,51.8,-1,0.24 ,2.54 ,7.86 
Cacheu,12.3,-16.2,1.44 ,2.51 ,4.04 
Churo,-6.2,116.4,0.99 ,2.50 ,4.92 
Tagliamento,45.7,13.1,0.35 ,2.50 ,6.54 
Gundlakamma,15.6,80.1,1.32 ,2.50 ,4.31 
York,34.2,-76.5,0.25 ,2.46 ,7.31 
Polyavaam,60.5,145.8,1.00 ,2.45 ,4.73 
Culiacan,24.8,-107.5,0.90 ,2.44 ,4.93 
Manawatu,-40.3,175.6,0.26 ,2.44 ,7.07 
Kogon,39.7,64.8,1.40 ,2.43 ,3.90 
Santa Lucia,33.2,-8.4,0.71 ,2.41 ,5.16 
Xiaolinghe,36.1,116.7,0.98 ,2.40 ,4.63 
Matandu,-10.3,39.2,1.33 ,2.36 ,3.87 
Teshio,45.1,141.7,0.25 ,2.36 ,6.81 
Madre Vieja,15.4,-92.7,1.22 ,2.35 ,4.08 
Kalar,36.5,44.1,0.72 ,2.33 ,4.91 
Seybousse,35.9,7.3,0.93 ,2.32 ,4.49 
Segura,37.6,-1.5,0.28 ,2.29 ,6.22 
Towry,56.5,-4.9,0.23 ,2.28 ,6.78 
Drammenselva,59.7,10.2,0.20 ,2.28 ,7.36 
Buzi,-19.9,34.5,1.32 ,2.28 ,3.65 
Tamraparni,8.8,77.5,1.20 ,2.28 ,3.94 
Argens,43.4,6.1,0.26 ,2.28 ,6.34 
Pakhacha,48.6,36.2,0.94 ,2.27 ,4.41 
Ketanda,-4.3,19.5,0.93 ,2.27 ,4.37 
Yarcon,32.1,35.1,0.27 ,2.27 ,6.36 
Moy,54.1,-4.2,0.21 ,2.25 ,7.01 
Monapo,-15.1,40.7,1.29 ,2.24 ,3.57 
Eden,54.4,-3.5,0.23 ,2.21 ,6.60 
Ashburton,-22.5,117.8,0.23 ,2.20 ,6.44 
Takhoyams,50,-1.6,0.90 ,2.18 ,4.20 
Punta Gorda,14.4,-83.8,1.12 ,2.17 ,3.78 
Welland,42.9,-79.2,0.17 ,2.16 ,7.52 
M'Lela,-0.5,40.5,1.24 ,2.16 ,3.44 
Angerman,63.2,17.9,0.20 ,2.16 ,6.59 
Tweed,55.3,-2.7,0.22 ,2.15 ,6.42 
Savio,44.1,12.6,0.29 ,2.13 ,5.53 
Marowijne,5.9,-54.6,0.25 ,2.10 ,5.86 
Mana,3.7,-52.3,0.25 ,2.10 ,5.87 
Hawkesbury,-33.6,151.2,0.19 ,2.09 ,6.59 
Harsit,40.9,39.1,0.68 ,2.09 ,4.31 
Ankobra,4.9,-2.2,1.13 ,2.06 ,3.45 
Simeto,37.7,14.7,0.28 ,2.04 ,5.33 
Rancheria,11.4,-72.8,0.84 ,2.02 ,3.88 
Aude,43.1,2.9,0.23 ,2.01 ,5.65 
Esino,43.6,1.2,0.28 ,2.00 ,5.20 
Pyr,18.6,-103.8,0.82 ,1.99 ,3.85 
Armeria,-2.2,114.5,0.73 ,1.99 ,4.01 
Kahajan,15.1,45.4,0.97 ,1.98 ,3.58 
Wadi Tuban,-12.3,13.2,1.15 ,1.98 ,3.17 
Dande,-2.6,48.5,1.14 ,1.98 ,3.18 
Dharror,63.4,-121.5,1.16 ,1.98 ,3.13 
Lenivaya,39.3,28.7,0.82 ,1.98 ,3.83 
Sele,59.1,15.3,0.27 ,1.97 ,5.16 
Skiensvassdraget,40.2,9.6,0.17 ,1.96 ,6.31 
Mokihinui,-41.6,171.8,0.21 ,1.96 ,5.74 
Elota,23.5,-106.5,0.71 ,1.95 ,3.92 
Tay,56.4,-2.4,0.20 ,1.95 ,5.81 
Tambo,-14.1,-69.2,0.77 ,1.95 ,3.81 
Maduru Oya,7.2,81.5,0.72 ,1.94 ,3.88 
Matigulu,-29.3,31.3,0.93 ,1.93 ,3.48 
Chillon,-12,-77.2,0.80 ,1.93 ,3.74 
Volta,5.9,-0.8,1.06 ,1.93 ,3.23 
Turia,39.5,-0.4,0.24 ,1.92 ,5.21 
Slupa,51.3,20.5,0.30 ,1.92 ,4.81 
Arenillas,-3.5,-80.1,1.05 ,1.92 ,3.21 
Merauke,-8.5,140.4,1.07 ,1.92 ,3.14 
Tuira,8.3,-77.7,0.62 ,1.87 ,3.88 
Skafta,64.2,-17.6,0.17 ,1.87 ,5.72 
G?ta alv,58.3,12,0.17 ,1.86 ,5.73 
Catumbela,-12.6,13.5,1.07 ,1.86 ,2.99 
Guantanamo,20.1,-75.2,0.66 ,1.85 ,3.73 
Pescara,42.5,14.2,0.26 ,1.84 ,4.84 
Silup,60.2,140.3,0.57 ,1.84 ,3.87 
Ioniveyem,66.4,173.1,0.76 ,1.84 ,3.56 
Oulujoki,65,24.6,0.19 ,1.82 ,5.40 
Onega,63.9,38.1,0.74 ,1.79 ,3.44 
Smith,-33.6,18.1,0.18 ,1.78 ,5.32 
Parsenta,54.3,16.5,0.28 ,1.77 ,4.43 
Clutha,-45.9,169,0.18 ,1.74 ,5.08 
Seputih,-5.3,105.4,0.85 ,1.74 ,3.13 
Slaney,52.6,-6.5,0.16 ,1.73 ,5.36 
Yukon,63.3,-140,0.17 ,1.72 ,5.14 
Serujan,-0.8,111.9,0.83 ,1.71 ,3.07 
Umba,-5.6,38.9,0.71 ,1.70 ,3.28 
Arachtos,39,20.9,0.25 ,1.69 ,4.30 
Agrioun,38.5,21.4,0.69 ,1.69 ,3.29 
El Fuerte,25.8,-108.7,0.62 ,1.69 ,3.41 
Jucar,39,-0.8,0.21 ,1.68 ,4.51 
Los Esclavos,14.3,-90.5,0.86 ,1.65 ,2.85 
Salso,37.1,14.4,0.22 ,1.63 ,4.31 
Negro,-32.7,-58,0.88 ,1.63 ,2.75 
Balao,-2,-80.3,0.89 ,1.61 ,2.70 
Ngaruroro,-39.4,176.9,0.17 ,1.60 ,4.67 
Wadi Masilah,15.4,48.1,0.30 ,1.59 ,3.78 
Siletz,44.7,-124,0.16 ,1.59 ,4.77 
George,-33.6,22.6,0.15 ,1.59 ,4.79 
Lariang,-1.4,120.3,0.75 ,1.53 ,2.77 
Bemarivo,-14.2,48.5,0.87 ,1.53 ,2.49 
Patahparang,-12.3,47.2,0.74 ,1.53 ,2.74 
Bristane,-4.5,-51,0.14 ,1.52 ,4.75 
Gal Oya,7.3,81.7,0.57 ,1.52 ,3.03 
Hab,25.8,65.5,0.85 ,1.52 ,2.50 
Mourne,54,-5.9,0.21 ,1.52 ,3.97 
Orb,44.1,1.6,0.18 ,1.51 ,4.22 
Mayo,12.5,-9.2,0.54 ,1.49 ,2.98 
Chancay,-11.7,-77.5,0.60 ,1.46 ,2.81 
Saramacca,5.8,-55.8,0.82 ,1.44 ,2.34 
P?rnu,58.4,24.5,0.18 ,1.44 ,3.88 
Matanuska,61.5,-149.8,0.14 ,1.40 ,4.16 
Isser,36.7,2.8,0.57 ,1.39 ,2.72 
Balombo,-11.4,13.8,0.80 ,1.39 ,2.22 
Mehran,33.5,47.2,0.43 ,1.39 ,2.93 
Whanganui,-39.9,174.9,0.14 ,1.37 ,4.01 
Krka,45.8,14.8,0.32 ,1.37 ,3.12 
Sinaloa,25.6,-108.5,0.49 ,1.36 ,2.74 
Ruamahanga,-41.1,175.6,0.14 ,1.35 ,3.96 
Larona,-2.6,117.4,0.66 ,1.35 ,2.44 
Araguari,-0.1,-51.2,0.53 ,1.35 ,2.64 
San Lorenzo,9.3,-79.7,0.49 ,1.35 ,2.72 
Mad,47.1,21,0.13 ,1.33 ,3.99 
Skjalfandafljot,65.3,-17.2,0.12 ,1.31 ,4.04 
Alfios,37.6,21.3,0.20 ,1.29 ,3.29 
Kurobe,36.8,137.4,0.14 ,1.29 ,3.66 
Tillamook,45.5,-123.8,0.13 ,1.26 ,3.77 
Mahavavy Nord,-14.2,46.2,0.71 ,1.25 ,2.04 
Agri,40.6,15.3,0.17 ,1.24 ,3.25 
Jiquini?a,-10.8,-50.3,0.49 ,1.23 ,2.42 
Yuzhny Bug,47.2,31.3,0.68 ,1.23 ,2.05 
Basento,40.6,16.7,0.17 ,1.22 ,3.20 
Wadi Siham,15.2,43.3,0.69 ,1.20 ,1.93 
Sperchios,38.9,22.3,0.18 ,1.20 ,3.04 
Umbeluzi,-25.8,32.6,0.69 ,1.19 ,1.91 
"Kukalaya, Huahua",13.2,-83.2,0.61 ,1.18 ,2.07 
Rovuma,-11.3,40.3,0.68 ,1.18 ,1.88 
Digul,-7.6,138.9,0.66 ,1.17 ,1.91 
Licungo,-17.7,36.7,0.67 ,1.16 ,1.85 
Jagin,33.9,47.5,0.35 ,1.15 ,2.41 
Ayensu,5,-0.5,0.62 ,1.13 ,1.90 
Maticora,-3.6,134.3,0.61 ,1.13 ,1.92 
Baleine,50,-61.3,0.11 ,1.12 ,3.36 
Arnaud,60.3,-69.7,0.11 ,1.12 ,3.38 
Soto la Marina,24.2,-97.8,0.41 ,1.11 ,2.23 
Ness,57.1,-4.4,0.11 ,1.09 ,3.24 
Kamchea,42.3,27.5,0.44 ,1.06 ,2.04 
Curoca,-18,12.3,0.60 ,1.05 ,1.69 
Tirso,39.9,13.6,0.15 ,1.05 ,2.77 
Sella,43.3,0.6,0.13 ,1.04 ,2.82 
Hokitika,-42.7,170.9,0.11 ,1.03 ,3.03 
Kala Oya,8.1,80.5,0.38 ,1.02 ,2.04 
Marequelia,11.5,-75,0.37 ,1.01 ,2.04 
Khobi,42.4,42.1,0.35 ,1.00 ,2.05 
Aux Feuilles,58.1,-74.1,0.10 ,1.00 ,3.03 
Rapch,63.7,-64.1,0.30 ,0.99 ,2.09 
Misantia,20.4,42.7,0.36 ,0.99 ,1.99 
Annan,54.6,-3.3,0.10 ,0.98 ,2.90 
Jequetepeque,-7.4,-79.8,0.41 ,0.98 ,1.89 
Musone,43.3,13.4,0.14 ,0.98 ,2.57 
Alazeya,68.9,150.9,0.40 ,0.97 ,1.89 
Guadalhorce,36.7,-4.5,0.13 ,0.97 ,2.64 
Tet,42.7,2.9,0.11 ,0.97 ,2.71 
Fatala,10.1,-13.8,0.56 ,0.97 ,1.56 
Acaponeta,22.8,-105.4,0.35 ,0.94 ,1.90 
Conway,-42.4,172.5,0.09 ,0.94 ,2.77 
Piura,-5.2,-81.1,0.39 ,0.94 ,1.82 
Tarsus,37,34.9,0.31 ,0.94 ,1.94 
Kurinwas,12.3,-84.7,0.48 ,0.93 ,1.62 
Baluarte,24.2,-104.7,0.34 ,0.93 ,1.87 
Biferno,41.6,14.9,0.13 ,0.93 ,2.42 
Chico,37.9,-77.2,0.22 ,0.93 ,2.08 
Kidurong,4.3,114,0.28 ,0.92 ,1.96 
Nehalem,45.7,-123.9,0.09 ,0.91 ,2.74 
Tutong,4.9,114.9,0.17 ,0.91 ,2.20 
Cambongo,-8.8,13.4,0.52 ,0.91 ,1.46 
Knik,61.2,-149.5,0.09 ,0.91 ,2.71 
Yaqui,27.5,-109.7,0.33 ,0.90 ,1.81 
Petit Mecatina,51.1,-60,0.09 ,0.89 ,2.67 
Navia,43.5,-6.7,0.11 ,0.89 ,2.40 
Cihuatlan,19.6,-104.4,0.32 ,0.88 ,1.78 
Inguri,42.4,41.9,0.31 ,0.88 ,1.80 
Sarstoon,16,-88.7,0.42 ,0.88 ,1.61 
Austari-Vestari,63.8,-22.5,0.08 ,0.88 ,2.69 
Tehuantepec,16.4,-95.2,0.32 ,0.87 ,1.75 
Dhuudo,10.2,48.8,0.50 ,0.87 ,1.37 
Aruvi Aru,8.7,80.1,0.32 ,0.87 ,1.73 
Kemijoki,66.6,27,0.09 ,0.87 ,2.55 
Champoton,19.4,-89.6,0.31 ,0.85 ,1.70 
Ombrone,42.7,11.2,0.12 ,0.85 ,2.21 
Boko,-6.6,12.4,0.41 ,0.85 ,1.53 
Coquille,43.1,-124.3,0.09 ,0.84 ,2.53 
Rega,54.2,14.8,0.13 ,0.84 ,2.11 
Back,67.5,-96.8,0.08 ,0.83 ,2.49 
Alsea,44.5,-123.9,0.08 ,0.83 ,2.48 
Chienti,43.2,13.1,0.11 ,0.81 ,2.13 
Salado,36.5,-64.7,0.19 ,0.81 ,1.82 
Wadi Araba,31,35.2,0.39 ,0.81 ,1.46 
Vaidala,-10.7,59.8,0.45 ,0.81 ,1.33 
Cubal,-13.8,13.1,0.47 ,0.81 ,1.29 
Numedalslagen,59.6,8.3,0.07 ,0.81 ,2.61 
Kaituna,-37.7,20.1,0.08 ,0.80 ,2.34 
Lamone,44.2,12.2,0.11 ,0.80 ,2.09 
Siuslaw,43.8,-123.9,0.08 ,0.79 ,2.36 
Candelaria,-44.3,-90.5,0.29 ,0.79 ,1.59 
Mulatos,18.6,-73.9,0.32 ,0.77 ,1.49 
Black,27.3,-77,0.07 ,0.77 ,2.41 
Santa Clara,34,-119,0.08 ,0.76 ,2.27 
Sondags,-33.3,23.5,0.37 ,0.76 ,1.38 
Supsa,42,41.8,0.26 ,0.75 ,1.54 
Moche,-6.8,-78,0.31 ,0.75 ,1.45 
Kyronjoki,63.1,23,0.08 ,0.75 ,2.20 
San Juan,10,-84.7,0.40 ,0.74 ,1.25 
Belize,17.5,-88.5,0.35 ,0.74 ,1.34 
Tafna,35,-1,0.30 ,0.73 ,1.42 
Deveron,57.7,-2.1,0.07 ,0.73 ,2.16 
Mano,7.9,-13.2,0.42 ,0.72 ,1.15 
Wailuku,20.9,-156.5,0.07 ,0.72 ,2.14 
Hondo,23.8,-102.2,0.26 ,0.72 ,1.44 
Fortore,41.4,15.3,0.10 ,0.72 ,1.87 
Kem,64.5,34.7,0.29 ,0.71 ,1.38 
Segama,5,118,0.21 ,0.71 ,1.51 
Conon,57.6,-4.5,0.07 ,0.71 ,2.12 
Ancho,19.4,-100.8,0.30 ,0.71 ,1.36 
Grey,-45.4,170.2,0.07 ,0.70 ,2.05 
Aisen,-45,-72.7,0.14 ,0.70 ,1.64 
Foglia,43.8,12.8,0.10 ,0.70 ,1.83 
Mananara Sud,-16,49,0.39 ,0.70 ,1.13 
Coos,43.2,-124.1,0.07 ,0.69 ,2.07 
Sangro,41.9,14.4,0.09 ,0.68 ,1.78 
Malaren-Norrstrom,59.3,18.1,0.06 ,0.68 ,2.08 
Marecchia,44,12.7,0.09 ,0.67 ,1.76 
Tenna,42.9,13.8,0.09 ,0.67 ,1.75 
Sembakung,4,117.5,0.32 ,0.67 ,1.20 
Ofanto,41.2,15.9,0.09 ,0.66 ,1.75 
Mackenzie,62.5,-134,0.06 ,0.66 ,2.01 
Souss,30,-9.7,0.34 ,0.66 ,1.16 
Lupar,1.4,111.2,0.20 ,0.66 ,1.40 
Earn,56.4,-3.8,0.07 ,0.66 ,1.96 
Tarawera,-38.1,176.5,0.07 ,0.65 ,1.88 
Staaten,-17.8,141.3,0.06 ,0.64 ,2.00 
Lapuanjoki,62.8,23,0.06 ,0.63 ,1.86 
San Diego,32.7,-117.2,0.06 ,0.63 ,1.87 
Curimataú,-6.6,-35.8,0.25 ,0.63 ,1.23 
Tronto,42.8,13.7,0.09 ,0.62 ,1.64 
Louros,39.2,20.7,0.09 ,0.62 ,1.58 
Laxa,65.6,-21.3,0.06 ,0.62 ,1.90 
Misa,43.5,13.1,0.08 ,0.61 ,1.60 
Sinni,40,-69,0.08 ,0.61 ,1.60 
Povungnituk,60,104.8,0.06 ,0.61 ,1.84 
Bian,33.5,39.3,0.34 ,0.60 ,0.99 
Ligonha,-14.8,9.7,0.35 ,0.60 ,0.96 
Mananan Tanana,63,12.6,0.34 ,0.60 ,0.97 
Huab,48.3,42,0.31 ,0.59 ,1.03 
Devrekani,42.4,-4.2,0.19 ,0.59 ,1.22 
Tamar,32.5,-117,0.05 ,0.58 ,2.01 
